id,gross2016
1,3192094
2,28847149
3,12794243
4,67034730
5,227194735
6,308265
7,85237203
8,104020246
9,78174216
10,14407716
12,90172207
14,144953
15,0
16,15309149
17,18355037
18,11447919
19,72383226
20,513947
21,0
22,4260835
23,55540163
24,16864668
25,42113023
26,60258323
28,24680258
29,108676987
30,19934056
31,73018992
32,63803509
34,40884718
35,199678087
36,167914
37,246748467
38,20302961
41,279872580
42,2829413
44,10364727
46,67281856
48,12480292
49,0
50,69194088
51,609737
52,114700849
53,172810
54,510643490
55,0
56,17810140
57,57481597
58,48400140
59,25049220
61,192596858
62,76647042
63,326004306
64,5300000
65,10845304
66,40672323
70,0
71,209881271
72,55684062
73,119992342
74,79112371
75,0
77,34082944
78,41494905
82,41930908
83,52470317
84,3613426
85,81799
86,13614389
87,37831327
88,124964491
90,36665854
91,57998507
92,1414211
93,4874943
94,2073984
95,1614734
96,183642505
98,11350721
99,36326869
101,36498930
102,0
103,128847994
104,17562
105,2828806
108,277582744
110,8799813
111,37706283
113,17002189
114,5747564
115,137594992
116,8789999
117,71886
118,9667843
119,2474000
120,82631175
121,4454210
122,31788586
123,104534866
124,1260917
125,61935426
126,759624
127,6337775
128,1870674
129,56382262
130,36181757
131,0
132,98622449
133,233677490
134,25411069
136,35840960
137,52374631
138,13165986
140,777
141,5528072
143,20469168
144,0
145,765990
147,23106
148,231413620
149,39758015
150,80681575
151,122070855
153,65612417
154,53306523
155,18011427
156,25623595
157,37886821
158,70910281
159,149352
160,2692482
161,77480800
162,73152049
163,0
164,89479180
165,67499810
166,4404136
167,35461895
168,3300784
171,19889955
172,1082044
173,1067544
175,23025660
176,83628284
177,2728018
178,6587255
179,3782357
180,0
182,5247985
184,0
185,6187836
186,48936614
190,8479170
192,38763920
193,31597089
194,30765495
195,71840447
196,14762323
197,582594
198,89017449
199,1829142
200,107177709
201,26000024
202,0
203,100077951
205,22148451
206,83325443
210,2482581
212,7379895
213,35461044
214,2323679
216,0
217,13508730
218,24484250
219,68847
220,5854305
221,16904635
222,4362
225,10241
226,50648679
227,90960496
228,50686643
229,2325625
230,37766058
231,9766373
232,862625
233,31601023
234,262263
235,11712884
236,0
237,11681348
238,14630103
239,44825495
240,173464300
242,2291239
243,1606509
244,58875909
245,6855137
246,0
247,5006335
248,34469551
249,106013
253,5546554
254,0
255,0
256,4500537
257,38412887
258,62235128
259,24258842
260,0
261,312435
264,23738089
266,99586200
267,132561917
268,8633068
269,46048301
270,34945
271,31257
272,49567812
273,126312076
274,21497710
275,92370590
276,2448935
277,29734703
278,20647851
279,29872860
280,153927635
281,3837410
282,3080208
283,1569918
284,62494264
285,194498
286,0
287,107238605
288,12497837
289,16687022
290,136007
291,128090
292,5742181
293,85135210
294,46069088
295,36283504
296,26823569
297,4995689
298,122555868
299,61553
300,15557928
301,0
302,2759538
303,224317364
304,83939706
306,13169217
307,21290598
308,46122087
309,25017277
310,0
311,48413017
312,936039
313,70529500
314,9908485
315,98312992
316,2014553
317,16211110
318,96176651
319,276350
320,234994386
321,0
322,16730414
323,145681338
326,619598
327,8321
328,0
330,56854
331,2579539
332,43502913
333,33881233
334,17863270
335,45361285
336,3987748
337,17221371
338,1861019
339,37871122
340,174854877
341,67943811
342,846310
343,6629539
344,120263653
345,2961979
346,12821882
347,13419940
348,19247281
349,103341631
350,12397321
351,33518939
352,69146878
353,22983683
354,341300619
355,7659900
357,197587148
360,47034009
361,26136072
362,48018593
363,142075622
364,96856996
365,124469376
366,23332
367,6033254
368,0
369,4793070
370,72423154
371,12737762
372,13178025
373,15500000
374,273612833
375,1005936
376,209334239
377,25689391
378,10201628
379,183470162
380,30787447
381,13991612
382,53966250
383,2363
385,30306268
388,81577939
389,3082180
390,0
391,27549044
392,14534661
394,3868812
395,27643805
396,223970687
397,19519
398,32783043
399,170025988
400,13379482
401,18565160
402,56525377
403,0
404,0
405,99917852
408,119561734
409,284053
410,16585190
411,0
412,86973410
413,14163901
414,0
415,0
416,0
418,32727837
420,35886420
421,235372842
423,138928399
426,70102747
427,0
428,2400522
429,6174662
430,193004012
431,96219535
432,46024890
433,652526
434,15557042
435,45913462
436,17654298
437,41580774
438,0
439,0
440,50826065
441,44484065
442,0
443,22494487
444,63662796
445,2531299
446,177063850
449,46186699
450,18305483
451,112695225
452,112562
453,4171527
454,43095600
455,51929759
456,45002379
458,0
459,15962758
460,70209369
462,647929
463,46672874
464,6560675
465,90962611
466,1130981
467,8326035
468,13746804
472,18595625
473,2378355
474,728174882
475,35607685
476,832367
477,42061797
478,0
480,10188285
481,184926004
482,337
483,92905711
484,25121220
486,63393259
487,17572246
488,2930733
489,1900366
490,86556874
491,30542895
492,89826806
493,40244008
495,13483
496,785081
497,54132531
498,70948738
499,159084531
500,0
501,78886978
502,170821780
504,67136701
506,26789927
507,3707794
508,282906
509,118065822
510,19533620
512,28826089
513,178431
514,0
516,36883539
517,14015214
518,0
519,35264321
522,65073087
523,48660417
525,23308763
526,82183
528,62411127
529,21511867
530,50450985
531,95868766
533,25368260
534,9676592
535,206238051
536,13312200
537,46213693
539,5621986
540,26346022
541,14307183
542,0
543,76631216
544,1484105
545,5937146
546,19523139
547,97960719
548,0
549,2017824
550,55753657
551,88472
553,31257703
554,17687057
555,34103407
556,11939688
557,100961718
558,11039226
559,41229
560,4165811
561,104599270
562,97950976
563,68
564,67238793
565,59598
566,15283867
567,15438386
570,179999462
571,4
572,7546280
573,114151644
574,0
576,28772527
577,47897436
578,14753755
579,46238628
580,18474627
581,2580403
582,0
583,28915267
585,35709875
587,0
588,3890499
589,18760762
590,80339059
591,0
592,19436997
593,59798271
594,0
595,274299
596,0
597,13407833
598,13366720
599,1139427
600,50169847
601,7659900
602,115399342
603,20873517
604,182756836
605,8138644
606,820511
607,97411159
608,252168
609,0
610,14422537
611,0
613,12652484
614,1239601
615,16218095
616,0
617,49572962
618,0
619,63006
620,40114411
621,611332
622,0
623,72507
624,68048529
625,0
627,37350383
628,6834069
629,164756139
631,40825512
632,17550235
633,0
635,34835040
636,54043931
637,143735931
638,3422610
639,12899702
640,125169475
641,12782628
642,13767094
643,5895401
644,3340
645,7783851
646,3748428
647,7881
648,96230
649,634277
650,58789735
651,6206621
652,0
653,49667156
655,0
656,0
657,40828121
659,13162150
660,164676
661,25296447
662,175689
663,19672
664,134063
665,36553148
666,16027866
667,48240260
668,38818
669,121215167
670,45965629
671,63661518
672,4705
674,16575
675,96789698
676,16373037
677,54864036
678,3766595
679,32147004
680,113078953
681,1114044
682,96484159
684,69918876
685,81146959
686,11496087
687,47095816
688,31581494
689,0
691,78801225
693,141361043
694,0
696,40583607
697,204020646
698,102724055
699,65308492
700,1960522
701,24202950
702,21568502
703,8076025
704,86959
705,6094
706,30241978
707,0
708,30653283
709,12918089
710,101439
711,69571073
712,66628249
714,123042855
715,23937188
716,27990
717,15515887
718,86638484
719,65644065
720,79545643
721,6718860
722,7684672
724,47094980
726,95760723
727,35921115
728,108354686
730,77577875
731,29822453
732,62319
733,49337214
735,538164
736,101614335
737,141912463
738,279308545
739,76857743
740,13422409
741,29853998
743,56219369
744,23308763
745,34272468
747,72079718
748,30162024
749,10132823
750,114746
751,41910466
752,106765264
753,96197618
754,9229454
755,55856534
756,17495640
757,183310489
758,71436753
759,14255101
760,31633238
762,193419800
764,1068392
765,391605009
766,3934407
767,364980
768,53222318
769,382796
770,7580320
771,126745923
772,52371602
773,1275
775,40858512
776,3188
777,13787820
778,4443403
779,2019349
782,10123268
783,45773932
784,117838316
785,38372662
787,2892142
788,328356
790,385695
791,26199456
792,557280
793,2180578
795,17529157
798,2726709
799,596782408
800,6795408
802,22089280
803,25762197
804,13555988
805,63440254
806,13762758
807,9123029
808,130236928
809,77747989
810,53391640
811,364648477
812,166614541
813,118654126
814,33075163
816,3408646
817,0
818,53436177
819,103420308
820,29547108
821,42579090
822,0
823,140015224
824,28245882
825,0
826,57934917
827,144299688
829,37511695
831,3648671
832,38087513
833,37512007
835,488406
836,201656225
837,0
839,0
840,79953237
841,20462873
842,55059430
843,5058769
847,47899610
849,15146464
850,231173331
851,64463384
852,24261889
853,34531702
854,50576807
855,16507712
856,8811941
857,30643067
858,19475061
859,26277
860,248946763
861,56081494
862,211936
863,77803375
864,291
865,6540556
866,16764588
869,2836069
870,4984051
871,14330890
872,31213070
873,16845452
874,2872462
875,0
876,15404643
877,16557239
878,50981477
879,31966801
880,54557348
881,14631641
882,67824871
883,6890
884,64652800
885,102944558
886,143783636
887,11846428
888,121768818
890,70568653
891,64019597
892,45531895
893,7727222
894,9281984
895,0
896,30639601
897,126401869
898,267299478
899,46482744
900,11815045
902,22000
903,2184979
904,0
905,89094328
906,14131298
907,26575342
909,28805
910,2837
912,24368562
913,657871
914,33566959
915,40233131
916,52808696
917,13764056
919,53626
920,98157595
921,54098051
923,17784173
924,77803044
926,0
927,13328936
928,31405591
929,15432858
930,35136691
931,15958525
932,7219578
933,125598
935,76631216
937,366666
938,15325524
939,262984
940,75450019
941,0
943,21258724
944,210871
945,76868150
947,12843
950,196667389
951,110936
952,20297
953,12546752
954,68313873
955,49797288
956,787051
957,61523595
958,33097229
959,18495448
960,1330827
961,126915894
962,0
963,133307022
964,19406406
965,0
966,30254986
967,12659295
968,9913529
969,548934
970,16999
972,39240713
974,0
975,35719025
976,19380883
977,59070780
978,107901246
979,159050332
980,0
981,17794
982,63543939
983,28194
984,19358
985,46411540
986,40846419
988,0
990,5631466
991,64403659
992,57773737
993,86598624
994,57518762
995,250891098
996,7138497
997,190209955
998,15336464
999,765990
1000,12672603
1001,232070522
1002,18881587
1004,9241669
1005,218255720
1006,131501480
1008,2835886
1009,26487918
1010,151689
1011,47732277
1012,32155472
1013,363503
1015,5306419
1016,2989865
1017,104084799
1018,224916771
1019,15598406
1021,542474
1022,303534195
1023,35850421
1025,4389971
1026,287747139
1027,439958
1028,219336005
1029,138368738
1030,50064548
1031,42767103
1032,12433231
1033,2092364
1034,7334112
1035,21317969
1036,4633648
1038,0
1039,13050771
1041,31381495
1042,13967571
1043,48055514
1044,105780137
1045,8214940
1047,1019031
1048,16527
1049,9080640
1050,10628111
1052,34838915
1053,37479738
1055,39718696
1056,37262450
1057,67249446
1059,12705824
1060,304766545
1061,45093310
1062,40269379
1063,122528154
1064,13103168
1065,569613
1066,7101886
1068,52014
1069,86939869
1070,53661663
1071,717753
1072,20652088
1073,147526
1074,240510268
1075,115039683
1076,122755
1078,80925081
1079,0
1080,128512081
1081,15545090
1082,476270
1083,11068804
1084,9301495
1085,50740078
1087,62770958
1088,4493310
1089,35361058
1093,5528072
1094,62194519
1095,706622
1098,189900543
1099,36272071
1100,0
1101,58202095
1102,1292527
1103,44882677
1104,0
1105,0
1107,119978499
1108,74206
1109,1893473
1110,3759154
1111,39687528
1112,19126841
1113,56365084
1114,144299688
1115,13500574
1116,20556115
1118,2688485
1119,583150
1120,2109525
1121,34400044
1122,434417
1123,228238210
1126,19532746
1127,36037909
1128,108148909
1129,2776685
1130,509197
1131,200133558
1132,109463875
1134,40375761
1135,582860
1138,6489457
1139,57597118
1140,109463875
1141,10014234
1142,20394484
1144,839401
1147,201639783
1148,37623143
1149,23339176
1150,26193115
1151,13403180
1152,48640367
1153,12992386
1154,0
1155,42028784
1156,223698274
1158,62236690
1159,1656423
1160,57949154
1161,142031345
1162,51815579
1163,15032554
1164,18042238
1165,16731239
1168,0
1169,1340482
1170,34469551
1171,6115
1172,19183559
1173,208379266
1174,72594785
1175,33787617
1176,578267
1177,28125409
1178,131989751
1179,6852674
1180,90479960
1181,0
1182,298791107
1183,3950029
1184,62669774
1185,27226547
1186,30692500
1187,9860108
1188,80197993
1189,68313797
1190,0
1191,30062713
1192,32029374
1193,38288977
1194,38509099
1195,0
1196,14944987
1197,89958134
1201,52961
1202,0
1203,0
1204,508434
1205,55778712
1206,12161892
1207,42443736
1208,0
1209,2941351
1210,12652269
1211,16287481
1214,66832631
1215,14679518
1217,0
1218,84858217
1219,67025148
1220,120786724
1222,836641
1223,84121567
1224,1465468
1225,121738
1226,0
1228,102547735
1229,1043053
1230,33564639
1231,89405544
1232,7691700
1233,996628
1235,68123993
1236,39221116
1238,35461360
1240,10053588
1241,0
1242,122277745
1243,12685251
1244,38460436
1245,155871961
1246,98546893
1248,14191431
1251,18364581
1252,103600153
1253,335238943
1254,105722617
1255,111772530
1257,156305
1259,404810203
1261,119847
1263,0
1264,0
1265,17476717
1266,23883773
1267,64755991
1268,169266304
1269,162503
1270,22238520
1271,61858461
1274,0
1275,4091
1277,25292655
1278,13403180
1279,82391246
1280,12323409
1281,28142874
1282,0
1283,18528886
1284,3719967
1285,2178817
1286,148429088
1287,20474241
1289,61684842
1290,718211
1291,27349603
1292,5487459
1293,45569537
1294,0
1296,31831371
1297,156275647
1298,686383
1299,0
1301,82063496
1303,16832
1305,151616621
1307,433817
1308,32164319
1310,7069123
1311,81697
1312,33733593
1313,190099439
1314,7763545
1315,0
1316,114419762
1317,199652
1318,47680149
1320,26870825
1321,106386992
1322,11178837
1323,106869
1324,109340897
1325,50309873
1326,439478742
1327,0
1329,83202970
1330,27897956
1331,110081170
1332,102666759
1334,38647577
1335,3648979
1336,20106002
1338,397
1340,107009413
1341,168564850
1342,624451619
1343,1191077
1344,176058751
1345,3411287
1346,45778700
1347,0
1348,983453
1349,14771344
1350,0
1351,1703642
1352,25453244
1353,10201628
1354,27427010
1355,637137
1356,70545
1357,189575667
1358,47420
1361,9999
1362,739278
1363,322223576
1364,18618553
1365,541547
1366,5530748
1367,36149184
1368,9182185
1369,11324493
1371,8503164
1372,35970356
1373,42977871
1375,241982
1376,0
1377,12465772
1378,12027
1379,17040708
1380,152794285
1381,1625771
1383,62173180
1384,99936908
1386,56562402
1387,10241487
1388,29813242
1389,1914975
1390,2633123
1391,41794331
1393,25902113
1394,64210291
1395,0
1396,16126295
1398,284013437
1399,21790328
1400,16269534
1401,183211
1402,5251220
1403,33604165
1404,20285518
1405,273420
1406,47881240
1407,43606301
1408,38363172
1409,63841499
1410,78670353
1412,7874
1413,4519696
1414,0
1415,79471466
1416,8510489
1418,87168016
1419,2202221
1420,29830941
1422,30756653
1423,13463184
1424,269691744
1425,74037171
1427,71442
1428,1638
1430,1448501
1432,5120946
1433,116093589
1435,29225936
1436,269525544
1437,12443195
1438,927107
1439,964702
1440,97832406
1442,13834344
1443,20099097
1444,60580485
1447,30154904
1448,293109976
1449,544518
1450,10499051
1451,0
1452,565282
1454,42710010
1455,0
1457,18996755
1458,0
1460,478038
1461,20858322
1462,81932562
1463,32201475
1464,13071296
1467,28737405
1469,36581633
1470,0
1471,80340452
1472,76613215
1475,124528961
1476,124773376
1477,74712
1478,128801995
1479,0
1480,280524278
1481,0
1482,1172769
1483,26175826
1484,125568922
1485,39502371
1486,181360280
1487,14418
1488,38536491
1489,14291570
1490,17849787
1491,13734178
1492,120687629
1493,79758484
1495,35957422
1496,21256223
1497,48078915
1498,7590
1500,143924889
1501,13725244
1502,80606460
1504,95861358
1505,63897924
1507,0
1508,30393845
1509,72319831
1510,32571671
1511,51577968
1512,112561698
1513,239513227
1514,143677235
1516,50127954
1517,7774037
1518,31897340
1519,110689371
1520,4787437
1521,20106379
1522,4118470
1523,1360185
1524,18525
1525,2149
1526,30907655
1527,17188271
1528,12239092
1529,71371851
1530,15975059
1532,1938772
1533,217580
1534,216524754
1535,25697423
1538,134487838
1540,50603
1541,11120486
1542,18934858
1543,36903885
1544,85500357
1545,11709
1546,87569597
1547,0
1548,30852706
1549,67528
1551,13572054
1552,279872580
1553,24469614
1554,5720655
1555,50070836
1556,89763694
1557,32213195
1560,76322939
1561,27875898
1562,86515565
1563,91651394
1564,76619819
1565,44476
1566,36290223
1567,32519322
1568,536683
1569,9247769
1570,965111
1572,23102159
1574,62862656
1577,130985612
1578,15351930
1580,0
1581,356086
1582,102890449
1583,57501387
1584,43075622
1585,118831363
1586,4171773
1588,54281
1589,111898436
1591,441340161
1593,54828123
1594,96029161
1595,134125670
1596,6468087
1597,55399372
1598,19671131
1600,11553030
1601,36833473
1602,232276503
1603,0
1604,512494
1606,32084375
1608,12074446
1609,1063
1610,2738371
1611,2950904
1613,16643988
1615,278649526
1616,1175323
1617,4779930
1618,169226972
1620,444015
1622,625833
1624,89628181
1626,35413156
1627,390654208
1628,148517632
1629,96026129
1630,66209303
1631,1809193
1632,13060130
1633,123295045
1634,0
1636,36134048
1638,87514362
1639,0
1640,57158345
1641,175304
1643,4389
1644,3321872
1645,23434692
1646,70517179
1647,49003153
1648,36485136
1649,14526498
1651,29326868
1652,5247336
1654,18463981
1655,45669536
1656,98648131
1657,86717466
1658,13265032
1659,5996689
1660,115642313
1663,62833328
1664,3139229
1665,30810778
1666,105048721
1667,147090024
1668,3736766
1669,14930
1670,45108
1671,15430752
1672,0
1673,24941671
1674,33512666
1676,23237100
1677,183662
1678,247139
1679,72662073
1680,0
1681,13404825
1682,4063859
1684,0
1685,72543168
1687,3321114
1688,322223576
1689,206036
1690,32001681
1691,2341675
1692,357504684
1694,100077951
1695,221648
1696,32850345
1698,120211303
1699,155674105
1700,1135889
1701,35887822
1702,1632649
1703,28800570
1704,0
1705,119430258
1706,4482480
1709,7759545
1710,19692002
1712,63145069
1713,108512391
1714,10251614
1715,10048015
1716,60292
1717,41094500
1718,7002255
1719,36553898
1721,14790
1723,85893324
1724,69662501
1725,143958437
1726,206931722
1727,27549044
1728,218719832
1729,50345552
1730,0
1732,54000538
1733,1506809
1734,37724770
1735,0
1736,92797680
1738,392800
1739,1744526
1740,16791256
1741,6551185
1742,77836207
1743,32675352
1744,208146301
1745,17281832
1746,158975
1747,395592
1748,158205918
1749,66725760
1751,171140
1752,28535772
1753,75737265
1755,152815013
1756,78090270
1757,10015405
1759,178414499
1760,42113023
1761,40830320
1762,76185369
1763,82543096
1764,43428175
1765,9832030
1766,3071230
1767,109204882
1768,86897398
1769,12015975
1770,28874967
1772,17084813
1773,29390297
1774,111673027
1775,44629647
1776,165478202
1777,76647042
1778,75312919
1779,155114119
1780,9779790
1781,22531698
1782,105536612
1783,68247242
1784,99630901
1785,24658981
1786,6897872
1787,114839841
1788,137392608
1789,14825296
1791,39623555
1792,34014398
1793,0
1794,68478772
1796,62302891
1797,7092054
1798,86608620
1799,23391681
1802,40765720
1804,5282179
1806,38619325
1807,36468178
1809,352402944
1810,102267011
1811,72360494
1812,14458062
1813,100184386
1814,1276984
1816,35449439
1817,2030870
1819,25398155
1820,96395
1822,72451999
1823,73757448
1824,2318
1825,100788258
1826,76424681
1827,3296457
1828,49790011
1829,233404
1830,41286747
1833,845183
1834,10263660
1835,3593187
1836,0
1837,176207499
1838,119699377
1839,29356393
1840,57707142
1841,904836
1842,0
1843,4584
1844,26598896
1845,3017167
1846,51910585
1847,38361695
1848,13749323
1849,0
1850,15041540
1851,24758700
1852,6704059
1853,2712928
1854,1197786
1855,0
1856,154183521
1857,0
1858,57040487
1859,96062996
1860,64426207
1861,7493125
1863,62402489
1864,178888040
1865,32542854
1867,0
1868,764401
1869,9734299
1870,7049119
1871,13854297
1872,48697710
1875,4977
1876,0
1878,4540393
1880,1055654
1881,51933986
1882,14881
1883,15607336
1884,39084
1885,6080101
1886,36949923
1887,33477563
1889,30256606
1890,23213577
1891,37367087
1892,7581657
1894,142450651
1895,0
1896,1093287
1897,1900017
1898,135201087
1899,86303323
1900,13687133
1902,119560357
1903,36118296
1904,58076889
1906,0
1907,12290
1908,164737444
1909,0
1910,118020
1911,2402184
1912,3244168
1913,303561
1914,53564563
1916,57919915
1917,11296
1918,96178186
1919,10061
1920,207688158
1921,44823215
1922,52941224
1924,38004729
1928,41020
1929,98059752
1930,7497712
1931,169804361
1933,45852109
1934,1677723
1935,19413487
1936,30115630
1938,121088571
1939,33040098
1940,37567108
1941,5501940
1942,18942720
1943,0
1944,4314364
1945,315675216
1946,1369384
1947,0
1948,4128527
1950,50190446
1951,0
1952,6724377
1953,12074
1954,82233641
1955,75399832
1957,44981802
1959,41989107
1960,12798832
1961,16697781
1962,57457203
1965,158464189
1966,11296368
1967,28925987
1968,88435
1970,36051862
1971,42928678
1972,15044113
1973,10105505
1974,0
1975,3393636
1976,0
1978,18553932
1979,0
1981,0
1982,168822956
1983,51207
1984,384983424
1985,38185059
1986,11871531
1987,14511463
1988,0
1991,33401558
1993,20308
1994,67495868
1995,43855146
1996,79495308
1997,105048958
2000,10107426
2001,6221845
2002,48655005
2003,142007897
2004,6852475
2006,34452
2007,17538444
2008,2082834
2009,0
2010,0
2011,46371462
2012,14527186
2013,13180787
2014,16369257
2016,18257019
2017,24798927
2018,18246863
2019,553932
2020,63203727
2021,444394
2023,148396291
2024,18183207
2025,9120333
2026,146706
2028,45516046
2030,2688625
2031,104727
2032,0
2033,56413731
2034,31304852
2036,54258780
2037,39647137
2039,0
2040,805444
2041,7118657
2042,33544388
2043,22794
2044,420004
2045,16266752
2046,347803
2047,3637047
2048,7433959
2049,0
2050,112240780
2052,126906585
2053,22235600
2054,80716200
2055,21905216
2056,66978000
2058,774523
2059,14511872
2060,10053588
2061,8101292
2063,16392205
2064,7353
2066,912121
2067,73343546
2068,42835177
2069,14609
2071,553793
2072,3205131
2074,10119753
2075,33268966
2076,31540125
2077,65317925
2078,30948
2079,0
2080,65447673
2081,99652
2082,79746613
2083,121577143
2085,24586174
2086,53471795
2087,682012
2088,0
2089,63538834
2091,5990075
2092,96924664
2093,80719607
2095,49611441
2096,0
2097,5744925
2098,36431096
2099,61221231
2100,2208939
2102,11197364
2103,16984459
2104,63642584
2105,42647410
2106,15152879
2107,0
2108,20296165
2112,178131442
2114,1046166
2115,0
2116,76599004
2117,42565739
2118,20116028
2119,61535711
2120,116825651
2121,33916916
2122,341616238
2123,3637819
2126,0
2127,25277671
2129,13171401
2130,195448
2131,16640154
2132,74552418
2134,57763843
2135,15870098
2136,63196097
2137,122749915
2138,8453438
2139,73541087
2140,7141199
2141,34948295
2143,25753297
2144,236059
2145,87997
2146,0
2147,99721161
2148,0
2149,7749251
2150,1081
2151,30639601
2152,21300135
2153,2114108
2154,85917306
2155,27645896
2156,16444724
2157,36872215
2158,4494369
2159,50679019
2160,179692518
2161,542860
2163,112544044
2164,0
2168,4305422
2169,148584576
2170,0
2172,140181320
2173,28973240
2174,36577838
2175,9987763
2176,6265026
2177,21784736
2178,44368755
2180,3955993
2182,389886328
2183,96153567
2184,117969354
2185,835544
2186,136551281
2190,34488761
2192,0
2193,5637166
2194,128937
2195,39829404
2196,69149171
2197,38489764
2198,80663421
2200,24987154
2201,5725
2203,12090104
2204,7939
2205,214292310
2206,6196279
2207,57302989
2208,2969457
2209,134281
2210,34293771
2211,58747817
2213,33767348
2214,72391317
2215,21480
2216,1238313
2218,417915584
2220,33314017
2222,100746586
2223,195868441
2224,0
2225,5414378
2226,194230115
2227,245069298
2229,9780397
2231,113637624
2233,53614091
2234,25863
2235,45267451
2236,137065753
2238,13577416
2239,98032
2240,15126299
2242,60537005
2244,33428745
2246,161062412
2247,23823247
2249,63640723
2250,129626107
2251,28822976
2252,27098580
2254,15131330
2256,22301900
2257,13514446
2258,14430787
2259,33163963
2260,90791561
2261,0
2262,69206903
2263,188789549
2264,30730867
2265,68007115
2266,205827
2267,54312600
2270,611709
2271,8707823
2272,3351206
2273,4871423
2274,77148611
2275,154459424
2276,454806
2277,0
2278,108087
2279,7378374
2280,0
2281,26274532
2282,3419891
2283,96337474
2285,103643023
2286,124219459
2287,66165176
2288,418953
2289,2222647
2291,69375023
2294,118778015
2295,102405521
2297,813257
2298,1442931
2299,4735972
2300,0
2301,16409
2302,23940130
2304,1249365
2305,31349670
2308,172531246
2309,62715434
2310,5419459
2311,322152
2312,373232
2313,25070085
2314,17421
2316,42959928
2317,40957735
2318,3829950
2320,0
2321,130648047
2322,188216875
2323,248704479
2324,36468552
2325,16569524
2326,318968494
2328,68387328
2329,61444131
2330,940457
2331,114343404
2332,21496
2333,72390195
2335,4349650
2336,1687311
2337,6109075
2339,0
2340,603963
2341,97959498
2342,36288431
2343,30133502
2344,559238
2345,33227908
2346,34391448
2347,24764376
2349,18058601
2351,149986301
2352,11759383
2353,21453812
2354,0
2356,21039048
2357,12455886
2358,280131033
2360,14888646
2361,383700306
2363,10137232
2364,9437933
2367,27136603
2368,85493977
2369,116523697
2370,34898467
2371,97965860
2373,9703900
2374,0
2375,0
2376,1914975
2377,0
2378,34736911
2379,214202
2380,67998644
2381,0
2382,51070095
2383,0
2384,10920935
2386,31230246
2387,0
2388,1268740
2389,12994845
2390,56204755
2391,4229341
2392,0
2394,3109743
2395,127705712
2396,2062945
2397,12984450
2398,22795969
2399,96859947
2400,48647681
2401,47033640
2402,407792
2403,7242435
2404,6136734
2406,266967
2407,18161213
2408,8629943
2409,14240
2410,156977262
2411,33478378
2412,106802417
2413,20231087
2414,243638439
2415,31932161
2416,53377751
2417,17655191
2418,0
2419,168981049
2422,231144511
2423,769
2424,5324
2425,95752098
2426,27468244
2427,7177826
2428,14900064
2429,23791930
2430,1867309
2431,45001914
2433,45750084
2434,12256980
2435,0
2436,21346554
2437,31014337
2438,35172260
2439,1639324
2440,403649
2441,0
2442,17342904
2443,3874700
2445,30519790
2446,43130062
2447,0
2448,206240240
2449,61763607
2451,7159147
2452,135331461
2453,454370621
2455,10106614
2456,3738971
2457,12074617
2458,29019345
2459,43326
2460,42297389
2461,0
2462,101847105
2463,11394101
2464,126387
2466,44480852
2468,12048554
2469,3455838
2471,566846
2472,3057355
2473,20558871
2474,64481417
2475,54292321
2476,19395825
2477,27958636
2478,113130537
2479,60715700
2480,41094500
2481,172359000
2484,0
2486,31973840
2487,416458693
2488,257074233
2489,54275008
2490,71005512
2491,4014769
2492,0
2493,5495381
2494,66357970
2495,248976479
2496,99328538
2497,175638050
2498,67025754
2499,32001920
2500,23975768
2501,143704
2504,55848985
2505,18705
2506,20640788
2507,80250344
2509,49558214
2510,60987897
2511,14460098
2514,2332
2515,39166293
2516,48883365
2518,24012770
2520,0
2521,332801
2522,0
2523,52630562
2524,22494487
2525,10476638
2526,9885523
2527,50509838
2528,44636
2530,14049503
2531,110197
2532,710261
2535,7126586
2536,499788
2537,1903257
2538,69995963
2539,11693237
2540,17805166
2541,5170432
2542,131892055
2543,5297109
2544,97156455
2546,52576177
2547,154622033
2548,27529409
2549,5179545
2550,40475629
2551,18947630
2552,823441
2553,3065019
2554,96240331
2555,20461563
2556,4818552
2557,67892544
2558,0
2559,27771
2560,55710423
2561,428715
2562,32874622
2563,64940226
2564,44845264
2566,13747637
2568,83397165
2570,13018873
2571,0
2572,99398928
2573,14806612
2575,400486
2576,0
2577,4532971
2579,36729409
2581,225377
2583,16247979
2584,41150
2585,4069628
2586,119201
2587,77413017
2588,76549323
2589,56376036
2590,9191880
2591,76487321
2592,0
2593,26735
2594,55938960
2595,196614107
2597,45001914
2598,5082873
2599,37784793
2600,85433
2601,79854461
2602,108875901
2603,12016700
2604,47370785
2605,169708656
2606,17848322
2608,0
2609,17321123
2611,316209366
2612,0
2613,7242119
2617,88950
2618,31966801
2619,16861338
2620,67369097
2621,64300787
2623,174458483
2624,60543397
2628,13604350
2629,28928207
2630,219160
2631,31643386
2632,24702262
2633,55516937
2636,1789892
2638,141790267
2639,590934
2640,45296390
2641,28322565
2642,37621621
2643,444901
2644,11304211
2645,105317739
2646,1670679
2647,27827040
2648,3260162
2651,10269272
2652,0
2653,193749148
2654,78802681
2655,52838683
2656,4417670
2657,8342171
2658,0
2659,56430
2660,70421
2661,34189321
2662,6167817
2663,27123833
2665,5748359
2666,1988745
2668,1028658
2671,29605675
2673,34277121
2674,30155371
2675,190431
2676,6973239
2677,9718287
2678,0
2680,20470428
2683,319473
2684,23434906
2685,11433134
2686,20587033
2687,67118094
2688,985270
2689,160648180
2690,48655005
2691,8068942
2692,1021213
2693,30254986
2694,24381922
2695,29348355
2696,208288144
2697,119663571
2698,26646757
2699,50295222
2700,8605
2701,50243791
2702,49245904
2703,119752677
2704,13994
2705,16486097
2706,6467730
2707,3891548
2708,45275276
2709,56557627
2711,0
2712,30242531
2713,185
2714,7236573
2715,141870930
2718,3369999
2719,9684330
2720,156254417
2721,71170017
2722,4285939
2723,98017
2724,164737444
2725,1053236
2726,17047369
2728,32169
2729,16964977
2730,51950816
2731,18265812
2734,18653746
2735,0
2736,54734
2737,3115829
2738,1368498
2739,319978175
2740,1562465
2743,24069601
2744,165650135
2746,62246367
2747,0
2748,26614364
2750,26277
2751,0
2753,79805553
2755,49211778
2756,137421929
2757,18940902
2759,24504626
2760,0
2761,52430544
2762,0
2763,0
2764,21931897
2765,23654
2766,72386058
2767,96813325
2769,6421263
2770,77086030
2772,10532363
2773,21225927
2774,76503255
2776,281024200
2778,48316100
2780,59838160
2781,2963124
2783,20192041
2784,0
2785,14483864
2786,4891631
2787,0
2788,25489
2790,18644252
2791,114437334
2792,32890226
2793,12555230
2797,81673688
2798,23157584
2799,22527724
2800,8782851
2803,29788644
2804,0
2805,0
2806,36147961
2807,154238972
2808,2830333
2811,56816662
2813,0
2814,127985948
2815,128799684
2816,80000410
2817,211522
2818,113281662
2819,10540436
2820,24192004
2821,35714388
2822,19347953
2823,25170739
2824,21377103
2825,127564484
2826,60459414
2828,13249837
2830,11515386
2832,11542
2834,30483287
2836,2440169
2837,0
2839,13927464
2840,41641188
2841,11982131
2842,76501438
2844,0
2845,29240395
2846,33731037
2847,6197866
2848,16345490
2849,64104254
2850,87555776
2851,11671307
2852,7702897
2853,10354447
2854,11964635
2855,5023275
2857,11012153
2858,6426887
2859,4435914
2860,9810991
2861,59903813
2862,6953550
2863,0
2864,11137897
2866,94514940
2867,98945172
2868,76761916
2869,0
2871,0
2874,171410239
2875,0
2876,50055041
2877,5608
2878,27642
2879,2595949
2880,16446667
2882,52101413
2884,6711669
2885,272045
2886,79496220
2887,82258964
2888,12807837
2889,78745923
2890,89253340
2892,25378207
2894,36269624
2895,5528072
2896,4652886
2897,11019171
2899,308461
2900,110111068
2901,9641899
2903,0
2904,459894
2905,34014398
2906,27024
2907,12171670
2908,1413
2909,51034902
2911,2934082
2912,128739156
2913,11671307
2914,60128566
2915,218757
2916,71883330
2917,137512815
2918,2944119
2919,95910635
2920,0
2922,4857376
2923,28785719
2924,47034009
2925,5359774
2926,38345779
2927,124922085
2928,99946020
2929,16848196
2930,2410870
2931,630409
2933,41229955
2934,5829422
2936,0
2937,46026261
2938,78738164
2939,28941156
2940,78124786
2942,52862934
2943,47998071
2944,236091
2945,10561238
2946,1167203
2947,2888
2948,121805890
2951,51916890
2952,131546602
2953,58391447
2954,5284295
2956,60354993
2957,98603572
2958,30148691
2959,47869402
2960,0
2961,25643166
2962,0
2963,59035665
2965,7493
2967,59669547
2968,50554389
2969,79019625
2970,2813297
2972,51704327
2973,10091357
2974,166010537
2975,25459549
2976,53103511
2978,3645438
2980,14406047
2981,101309383
2983,0
2984,30344514
2985,114336385
2986,75307765
2987,895395
2988,6700808
2989,4674326
2990,108909812
2991,0
2993,45455871
2995,18976918
2996,26121703
2997,165282194
2999,244496
3000,513836
3001,18652565
3002,114013
3003,34460460
3004,21257790
3006,15939662
3009,4291965
3010,33673300
3012,54224025
3013,6565973
3015,1679738
3018,0
3019,79014544
3020,10048347
3021,17683
3022,24873003
3023,0
3024,51565097
3026,3300230
3027,34026775
3028,244465
3029,70097031
3030,86792947
3031,2769611
3032,4360943
3033,40803987
3034,218274310
3035,22041830
3036,55690
3037,46364772
3038,23986978
3039,0
3040,1877179
3041,27289932
3042,4677004
3043,73028010
3044,8955929
3045,70681821
3046,42922
3047,74714304
3049,9969341
3050,19917027
3051,30981934
3052,0
3053,867755
3054,49479707
3055,0
3056,7267324
3057,85348598
3059,31214094
3060,103329455
3062,40088050
3063,135580237
3065,1101496
3066,116786
3067,125944100
3068,12249342
3070,74799115
3072,73579685
3073,3517797
3074,0
3075,144419956
3077,132513044
3078,53115281
3079,3066874
3080,12982323
3081,76864144
3082,2802149
3083,139574422
3084,99004875
3086,0
3087,7838
3088,74377286
3089,5644617
3090,172359000
3091,44667095
3092,1896148
3093,67180823
3094,24497017
3095,30417822
3096,17046913
3097,3832779
3098,0
3099,224916771
3100,274385
3101,10447864
3102,9708209
3103,0
3104,16066292
3106,0
3107,22470921
3109,22723
3110,2712
3111,868121
3112,1436231
3113,33573086
3115,40798544
3116,35752130
3117,84889096
3119,0
3121,0
3122,25263231
3123,43719
3124,35099682
3126,132721700
3127,0
3128,96758
3130,128309767
3131,10517491
3132,2874
3133,11283033
3134,10418351
3135,27348888
3136,62647540
3138,0
3140,163451738
3142,163760385
3143,36605165
3146,7504435
3147,665673
3149,37470017
3151,0
3152,700000
3153,11909
3154,0
3155,63260
3156,58073569
3157,2727477
3158,9950
3159,88199167
3160,37053924
3161,0
3162,151393174
3163,2472
3164,22399238
3165,39806338
3166,40037210
3169,67119877
3170,23689869
3171,290539
3172,2470
3173,53593772
3174,38339413
3175,0
3176,48594730
3178,1341
3179,0
3180,92085
3181,1105194
3182,3629758
3183,162478525
3185,7711872
3186,175346964
3187,65562389
3188,22022
3190,9219409
3191,7537048
3192,26578384
3193,17312931
3194,0
3195,21453812
3196,24520892
3197,54587182
3198,1051535
3199,0
3200,7769539
3202,26290127
3203,13392839
3204,38132705
3205,14798275
3206,18708
3207,55187174
3208,40838761
3209,5596446
3210,59671619
3211,95979818
3212,828
3213,2921231
3215,48850164
3216,77231
3218,47877537
3220,96379
3221,0
3222,0
3223,21871933
3224,25298079
3225,48571428
3227,64274417
3228,12770297
3229,51036302
3230,26235158
3231,5865795
3232,36499955
3233,57054833
3235,127711900
3236,22367655
3237,41193531
3238,48642915
3240,45121026
3241,100232
3242,122845653
3243,19386211
3244,22644580
3246,35607685
3247,55026023
3250,29107621
3252,0
3253,91520
3254,15681036
3255,319777
3256,18343617
3257,696938
3258,42213124
3259,1444550
3260,36981999
3261,48925377
3262,53907
3263,68840688
3264,44518
3265,31984748
3266,23297897
3267,72104552
3268,46013921
3269,4712912
3270,35393905
3271,29675932
3273,0
3274,759255
3275,0
3276,744372
3277,62749010
3278,27053815
3280,36001948
3281,0
3282,47271064
3283,107912169
3284,18337671
3286,137392608
3288,80021860
3289,120728530
3290,0
3291,27697931
3292,2106331
3293,6318884
3295,27841389
3296,189972
3297,11083959
3298,596782408
3299,36420445
3300,108344
3301,9047509
3302,140063587
3303,26512326
3304,13496077
3305,78168014
3306,182756836
3308,13379482
3309,9615344
3311,23966906
3312,8294061
3314,144020903
3315,17352441
3317,307072639
3318,8735957
3319,20585982
3320,262351
3321,15989739
3323,24584225
3324,8786435
3325,4568173
3326,425166
3327,97214417
3328,22052269
3330,5361930
3332,15416611
3335,1109108
3336,517124
3337,27733815
3338,91256575
3340,36780549
3341,10312102
3342,81599
3343,55426926
3344,16578401
3345,53699699
3346,32649980
3348,19327
3350,72601713
3351,0
3352,37440997
3353,11542615
3354,16930185
3355,83234786
3356,60627641
3357,42799693
3358,54318243
3359,2127354
3361,1974402
3362,71880940
3363,406702
3364,26713902
3365,43071336
3366,42825204
3367,146771526
3368,6676195
3369,25936130
3370,22842
3371,99462
3372,5790746
3377,15906
3379,89446442
3380,7235453
3381,3607
3382,45818272
3383,17964374
3384,319978175
3385,51557750
3387,150612521
3388,9832292
3389,4967
3390,0
3392,20503161
3394,350185
3395,34277121
3396,124640843
3397,106171033
3398,229311
3399,2712395
3400,0
3402,9844489
3404,24129080
3405,233001
3406,2325010
3407,4956401
3408,12447338
3409,17714444
3410,91784867
3411,6215172
3412,74692794
3413,12701058
3414,35307109
3418,207168453
3419,0
3420,148765187
3421,88254725
3422,9765191
3423,213029213
3424,88089838
3425,43555871
3426,35848
3427,57692799
3428,0
3429,172331451
3430,166205970
3431,11205751
3432,0
3433,38558880
3434,187025816
3436,41984009
3437,29386670
3439,21411815
3440,19677050
3441,56600
3442,0
3443,41054351
3444,23582837
3446,4091700
3447,78669062
3448,40990055
3449,37111121
3450,24049691
3451,56115479
3452,169127552
3453,50767483
3454,19918840
3456,6253821
3457,305208649
3458,0
3459,32832384
3460,7221458
3461,82931301
3462,44392108
3463,5828
3464,267409
3465,113434814
3466,58675759
3467,9289121
3469,7286899
3470,2189
3471,9503
3472,15603000
3473,75003554
3475,183175
3476,0
3477,11136772
3478,10443595
3479,292100
3481,319840
3482,120838108
3483,0
3484,603556
3485,105492025
3486,0
3487,51695841
3488,15336464
3489,62401244
3490,40256255
3491,61193587
3492,21802818
3493,98246674
3494,38157
3495,22174746
3496,26968481
3497,63950831
3498,17829614
3499,0
3500,28489031
3501,23326791
3502,572163
3503,40825512
3504,16243530
3505,62248180
3507,8221348
3508,47379090
3509,200464305
3510,22097179
3512,45162741
3515,14677654
3516,22282943
3518,335153303
3519,0
3521,4787437
3522,23923412
3524,86783783
3525,45102532
3526,54557348
3527,30765827
3529,0
3530,917578
3531,1227579
3532,43566446
3533,507244
3534,386543828
3535,9999345
3536,50886633
3537,178801148
3538,97378456
3539,388370
3540,44331673
3541,3831023
3543,0
3544,80560043
3546,0
3547,51594045
3548,19473964
3549,4657319
3550,0
3551,0
3552,64755991
3553,9378606
3554,93527570
3555,33002895
3556,127445355
3557,31073673
3558,89341053
3559,237207
3560,28781487
3562,16387286
3563,0
3564,87160883
3565,40634144
3567,31540125
3568,31139747
3570,0
3572,173649942
3573,30609294
3574,132080
3575,18021140
3576,43907250
3578,37834845
3579,95016
3580,0
3581,0
3582,46132
3583,32049837
3584,38966057
3585,47914335
3586,87655309
3587,52221873
3588,39354817
3589,38108
3591,26278
3592,20437629
3593,42345531
3594,0
3595,12036041
3597,30860692
3598,20671492
3599,50637291
3600,94580660
3601,0
3602,55682070
3603,17450368
3604,10305887
3605,19341
3606,63540020
3608,12575
3609,126546825
3610,17684947
3611,132458264
3612,51296522
3613,34234541
3614,0
3616,753501
3617,156529868
3618,12443
3619,81525
3620,36018716
3621,41265465
3622,86939869
3623,114016079
3624,297117
3625,9403806
3626,30196591
3627,3014195
3628,6560356
3631,6284332
3632,429079511
3633,0
3635,9385084
3636,23022340
3637,55819446
3638,7168619
3639,86501024
3640,111761848
3642,19790159
3643,11754892
3644,139852971
3645,6685829
3646,160604553
3647,27611178
3648,37533512
3650,336467
3651,9002690
3652,192270453
3653,161888878
3654,64407
3656,2806
3657,49649032
3658,34766486
3660,53741058
3662,20605820
3663,40256914
3665,23487660
3667,125971592
3669,5845629
3670,77709081
3671,3375297
3672,4535117
3673,31698199
3674,3435878
3675,71608195
3676,78998779
3677,44313009
3678,38832
3679,0
3681,490157
3682,40171387
3683,14015214
3684,113078953
3685,58514856
3686,4098599
3687,6173485
3688,1063085
3689,51398743
3690,47754627
3691,184284
3692,10762178
3693,51895825
3694,79221
3695,37594318
3696,44583644
3697,35782635
3698,49244695
3699,5128156
3700,358068
3702,34053978
3703,68915751
3704,864453
3705,15523168
3706,30186128
3707,45001914
3708,0
3709,58371196
3710,37438678
3711,17034690
3712,24535723
3713,48875719
3714,19626255
3715,2596986
3716,116305017
3717,155909324
3718,172223545
3719,2872462
3720,6982166
3721,22518325
3722,80464418
3723,71317663
3724,6129199
3725,1175147
3726,23078891
3727,1618153
3728,81785339
3729,3014632
3730,0
3731,16493369
3732,24771959
3733,20182061
3735,40
3736,155883423
3737,41716303
3738,2896012
3739,22612
3740,8364160
3741,8997019
3743,81830054
3744,6448529
3745,0
3746,52750698
3748,11956384
3750,55200875
3752,25318126
3753,44224138
3754,8777157
3755,13196895
3756,164097331
3758,5083020
3759,59774
3760,75682
3761,80325903
3762,55289850
3763,247372035
3765,1197623
3766,9955347
3767,6592103
3768,15180953
3769,0
3770,34300771
3771,25167270
3772,32626287
3773,76272
3774,94691130
3775,1609685
3776,121681123
3777,16588226
3778,7893412
3779,36545405
3781,1341
3782,1424039
3783,0
3784,12505594
3786,81403103
3787,30689311
3788,11663619
3789,5127705
3791,90865568
3792,146072
3793,0
3794,9957870
3795,0
3796,93221054
3798,15257629
3799,156254417
3800,2968833
3801,230815659
3802,12734584
3803,596872
3804,12535427
3805,38048300
3806,261958
3807,19617559
3808,68018182
3809,50894511
3810,75539882
3811,17802715
3813,4008934
3814,4144287
3815,31456951
3816,46107556
3817,115490619
3818,39109615
3819,166395
3820,0
3821,120136047
3822,23937188
3823,8101297
3824,8231438
3825,73134
3826,39777103
3828,1584035
3829,7877218
3830,57899482
3831,0
3832,4125795
3833,0
3834,16252765
3835,4792
3837,47389
3838,27512975
3839,59023670
3840,43910416
3841,110732080
3842,1050445
3843,84450617
3846,72163627
3847,0
3848,36898100
3849,2399890
3850,0
3851,0
3852,23012199
3853,91983128
3854,410316
3855,217480936
3856,0
3857,200885680
3858,733901
3860,17238821
3861,630670530
3862,42671394
3863,105642222
3864,21245728
3865,47890074
3867,0
3868,97643469
3869,32420538
3870,0
3871,64393998
3872,20315324
3873,65929014
3874,42888931
3875,17860604
3877,0
3878,3836562
3879,121414316
3881,30630088
3882,24526801
3883,78214847
3884,25852163
3885,8048893
3886,611787
3888,7252073
3889,110879544
3890,0
3891,78051935
3892,46940797
3893,3275441
3894,6100000
3895,5501954
3896,11043608
3897,25916468
3898,38431420
3899,117303764
3900,1939140
3901,113462274
3902,72847087
3903,43572436
3904,26670716
3905,128438845
3906,219031244
3907,23112645
3908,26853255
3909,64095709
3910,15413483
3911,19258871
3912,4055761
3913,17434008
3914,24895260
3915,96566291
3916,61827361
3917,42194060
3918,0
3920,15932793
3921,14360465
3922,1060591
3923,0
3924,3667
3925,73169910
3926,31273744
3927,57161540
3929,97458332
3930,39474405
3933,4776979
3934,96924
3935,690
3936,6241697
3937,29017886
3938,14346583
3940,713413
3941,26374420
3943,0
3944,303372
3945,0
3946,31330558
3948,13523336
3949,85990398
3950,290119905
3951,80476073
3952,12240901
3953,45438960
3954,2259846
3955,25485445
3956,25988087
3957,112164367
3958,4646
3959,6329304
3960,91276270
3961,27605462
3962,2854881
3963,231535
3964,41910466
3965,4805103
3966,98426991
3967,51432028
3968,11204605
3969,20950820
3971,1576660
3972,66832631
3974,89933345
3977,97321914
3978,39321522
3980,75545767
3981,339624
3983,9979
3984,3076425
3985,37962078
3986,206400
3987,112251289
3988,1064357
3989,76619819
3990,1357042
3991,57366262
3992,55745668
3993,22928
3994,42258615
3995,21887137
3996,21496529
3997,1693236
3999,143976418
4000,26536120
4001,97026401
4002,20099097
4005,33649302
4006,15344115
4008,12544180
4009,621240
4011,68939103
4012,135580237
4013,14348123
4014,3134419
4015,11709
4016,8147111
4017,67250570
4018,114568077
4019,57343879
4020,94932
4022,19880326
4023,0
4024,20515899
4025,57504441
4028,30787447
4032,24445503
4033,36300149
4034,1339152
4035,5804058
4036,57082600
4037,15651208
4038,12452590
4040,0
4041,38509869
4042,86512604
4043,142890412
4044,265447
4045,63637112
4046,113621
4047,9986314
4048,0
4049,71705281
4050,509565
4051,41723205
4053,66806749
4054,21480194
4055,14990104
4056,5080856
4057,58747066
4059,9742113
4060,76944528
4061,67104097
4062,1459099
4064,7788411
4066,6248335
4067,49287592
4068,61984023
4069,73980204
4070,0
4071,7659900
4072,1521668
4073,1912875
4075,54102896
4076,0
4078,152814431
4079,7553334
4080,72376757
4081,58333325
4082,138028019
4083,3147678
4085,0
4087,29547108
4088,18368455
4089,54458411
4090,63968417
4091,3242721
4092,32468971
4094,103627
4095,0
4096,13643244
4097,11356605
4098,208110129
4101,45316
4102,32253224
4104,116825586
4105,33224818
4106,0
4108,2086345
4109,63804
4110,23360272
4111,111684551
4112,104042
4113,70225405
4114,118778015
4115,0
4116,2985126
4117,72534153
4118,3061778
4119,221994
4121,138676136
4122,4777007
4123,183310489
4124,45778700
4125,47874377
4126,36798949
4127,68462565
4129,36607261
4134,0
4135,245486610
4136,114336385
4140,2265349
4141,86384
4142,110689371
4143,0
4144,86847706
4145,45516046
4146,34170
4149,3966398
4150,11300321
4151,89433
4152,57873647
4153,8413170
4155,0
4156,5883575
4158,33478378
4159,34539670
4160,95606
4161,11147313
4162,0
4163,0
4164,33786315
4165,1226710
4166,67454998
4167,47755255
4168,0
4169,4404442
4170,106900
4171,0
4172,105836
4173,673
4174,35404411
4175,33201661
4177,108898626
4178,3861803
4179,40282524
4180,6024130
4181,721
4182,28937801
4183,120879
4184,65827269
4185,0
4187,0
4188,27322642
4191,2179594
4192,2029867
4193,36904895
4194,1719670
4195,54588133
4196,17012638
4197,0
4198,90123923
4199,126506123
4200,3589679
4201,8214940
4203,192266
4204,5260
4206,36501441
4207,53430442
4208,74266599
4209,0
4212,5510614
4213,364096663
4214,1365370
4215,45034729
4216,49406357
4217,26435
4218,32648949
4219,17702330
4220,0
4221,4398392
4222,0
4223,4694561
4224,240809694
4225,0
4226,76184288
4227,397342490
4228,31038020
4229,168888744
4230,2035566
4231,0
4233,45825559
4234,5770689
4236,29365581
4237,510670
4238,6118376
4239,0
4240,4238124
4241,0
4242,0
4243,75274501
4244,0
4245,22986141
4246,91567037
4249,61422670
4250,3895664
4251,74718
4252,26871147
4254,107737
4255,6881147
4256,226221
4257,30227181
4258,15481368
4259,20715949
4260,186296
4261,179208680
4262,943451
4264,13215008
4265,75989836
4266,79156197
4267,21005329
4268,21751970
4269,1133046
4270,0
4271,52997794
4272,24432688
4273,32890226
4274,39192236
4275,20089652
4276,24107779
4277,2990950
4278,25552635
4281,4394936
4283,12919
4284,16798939
4286,15592072
4287,298888
4288,347591213
4289,218808
4290,514726
4291,175608742
4292,6387123
4293,21218005
4294,0
4295,10728168
4297,0
4298,0
4301,2491236
4305,0
4306,2245161
4308,24712574
4309,20907491
4311,11139848
4313,0
4315,29383726
4316,256273473
4317,33054596
4319,129168
4320,8039967
4321,32390193
4322,145000989
4324,53728668
4325,24281118
4328,11047686
4330,26893
4332,29664735
4334,20260521
4335,18080122
4337,0
4338,4721177
4339,24511681
4340,2056886
4341,29204214
4343,129090340
4345,175033629
4346,88877441
4347,0
4348,487233
4349,22222749
4351,211805
4352,59304380
4353,21952690
4354,138368738
4355,29216717
4356,4054040
4358,9981
4359,12241203
4360,25282222
4361,70327868
4362,83975867
4364,24816
4365,0
4366,53728668
4367,38835628
4368,69012830
4369,2729091
4370,96914879
4371,36070806
4372,293675
4373,23324666
4374,159158406
4375,169804361
4376,84494657
4377,2129442
4378,103753351
4379,27649295
4380,297468003
4382,12814761
4384,0
4385,135593664
4386,44978153
4387,19398024
4389,78845130
4391,126021
4392,57196043
4394,29035758
4395,51661828
4396,6615578
4397,89593836
4400,113771630
4401,49499663
4403,34244410
4404,58286686
4405,76039
4406,3555153
4407,105323
4408,12354260
4409,50096686
4410,19054002
4411,14867028
4413,0
4415,31911193
4416,631
4417,0
4418,0
4419,33478378
4420,5696756
4421,0
4422,22569
4424,295983731
4425,173271961
4426,8674442
4427,4294796
4429,39904
4430,0
4431,16532463
4432,36669192
4434,224780256
4435,56115479
4436,124595576
4437,0
4438,38340
4439,337788
4440,59823
4442,167255
4443,50875036
4445,142411169
4446,5106911
4448,24399589
4449,69952775
4450,126473487
4451,63196278
4452,15992784
4453,984619
4454,43285247
4455,77222184
4458,0
4459,181798
4460,92678
4462,96405476
4463,31310884
4464,49135723
4465,3184256
4466,106972424
4467,169666794
4468,63009406
4469,1313562
4470,0
4471,36267674
4472,11701268
4473,16931893
4474,147132359
4475,24748796
4476,24824342
4477,0
4478,33224818
4480,26874431
4482,0
4484,7450
4486,73343546
4487,39498686
4488,18461542
4489,5227713
4491,9253462
4492,38108004
4493,116761509
4495,1652472
4497,24053323
4499,0
4501,0
4502,0
4503,264227
4504,8172706
4505,2232207
4506,102061754
4507,12285638
4508,311653
4510,24974065
4512,18855427
4513,10326062
4514,237
4515,63700538
4516,44714668
4517,100789551
4518,3034684
4519,9591192
4520,96389
4521,102158192
4522,5333004
4523,8891530
4524,8557
4525,25167057
4526,249151
4527,138639745
4528,163428288
4529,3274575
4530,26125960
4531,33767348
4532,17520728
4533,31330558
4534,53103511
4535,16182617
4537,19554009
4538,45381748